-- =======================================================
-- AlumniLink - Alumni Management and Engagement System
-- Realistic Production-like Seed Data (Indian Context)
-- =======================================================

CREATE DATABASE IF NOT EXISTS alumnilink;
USE alumnilink;

SET FOREIGN_KEY_CHECKS = 0;

DROP TABLE IF EXISTS user_sessions;
DROP TABLE IF EXISTS notifications;
DROP TABLE IF EXISTS event_registrations;
DROP TABLE IF EXISTS events;
DROP TABLE IF EXISTS job_postings;
DROP TABLE IF EXISTS messages;
DROP TABLE IF EXISTS mentorship_requests;
DROP TABLE IF EXISTS users;

CREATE TABLE users (
    id INT AUTO_INCREMENT PRIMARY KEY,
    name VARCHAR(255) NOT NULL,
    email VARCHAR(255) UNIQUE NOT NULL,
    role ENUM('student', 'alumni', 'admin') NOT NULL,
    college VARCHAR(255) NOT NULL,
    branch VARCHAR(100),
    graduation_year INT,
    company VARCHAR(255),
    skills JSON,
    created_at TIMESTAMP DEFAULT CURRENT_TIMESTAMP
);

CREATE TABLE mentorship_requests (
    id INT AUTO_INCREMENT PRIMARY KEY,
    student_id INT NOT NULL,
    mentor_id INT NOT NULL,
    message TEXT,
    status ENUM('pending', 'approved', 'completed', 'rejected') DEFAULT 'pending',
    created_at TIMESTAMP DEFAULT CURRENT_TIMESTAMP,
    FOREIGN KEY (student_id) REFERENCES users(id) ON DELETE CASCADE,
    FOREIGN KEY (mentor_id) REFERENCES users(id) ON DELETE CASCADE
);

CREATE TABLE messages (
    id INT AUTO_INCREMENT PRIMARY KEY,
    sender_id INT NOT NULL,
    receiver_id INT NOT NULL,
    message TEXT NOT NULL,
    timestamp TIMESTAMP DEFAULT CURRENT_TIMESTAMP,
    FOREIGN KEY (sender_id) REFERENCES users(id) ON DELETE CASCADE,
    FOREIGN KEY (receiver_id) REFERENCES users(id) ON DELETE CASCADE
);

CREATE TABLE job_postings (
    id INT AUTO_INCREMENT PRIMARY KEY,
    title VARCHAR(255) NOT NULL,
    company VARCHAR(255) NOT NULL,
    location VARCHAR(255) NOT NULL,
    salary_range VARCHAR(100),
    description TEXT,
    posted_by INT NOT NULL,
    created_at TIMESTAMP DEFAULT CURRENT_TIMESTAMP,
    FOREIGN KEY (posted_by) REFERENCES users(id) ON DELETE CASCADE
);

CREATE TABLE events (
    id INT AUTO_INCREMENT PRIMARY KEY,
    title VARCHAR(255) NOT NULL,
    description TEXT,
    date DATETIME NOT NULL,
    organizer_id INT NOT NULL,
    location VARCHAR(255),
    created_at TIMESTAMP DEFAULT CURRENT_TIMESTAMP,
    FOREIGN KEY (organizer_id) REFERENCES users(id) ON DELETE CASCADE
);

CREATE TABLE event_registrations (
    id INT AUTO_INCREMENT PRIMARY KEY,
    user_id INT NOT NULL,
    event_id INT NOT NULL,
    registered_at TIMESTAMP DEFAULT CURRENT_TIMESTAMP,
    FOREIGN KEY (user_id) REFERENCES users(id) ON DELETE CASCADE,
    FOREIGN KEY (event_id) REFERENCES events(id) ON DELETE CASCADE,
    UNIQUE(user_id, event_id)
);

CREATE TABLE notifications (
    id INT AUTO_INCREMENT PRIMARY KEY,
    user_id INT NOT NULL,
    message TEXT NOT NULL,
    is_read BOOLEAN DEFAULT FALSE,
    created_at TIMESTAMP DEFAULT CURRENT_TIMESTAMP,
    FOREIGN KEY (user_id) REFERENCES users(id) ON DELETE CASCADE
);

CREATE TABLE user_sessions (
    id INT AUTO_INCREMENT PRIMARY KEY,
    user_id INT NOT NULL,
    device VARCHAR(255),
    login_time TIMESTAMP DEFAULT CURRENT_TIMESTAMP,
    FOREIGN KEY (user_id) REFERENCES users(id) ON DELETE CASCADE
);

SET FOREIGN_KEY_CHECKS = 1;

-- Data for table `users`
INSERT INTO users (id, name, email, role, college, branch, graduation_year, company, skills, created_at) VALUES
    (1, 'Rahul Sharma', 'rahul.sharma4@alumnilink.edu.in', 'admin', 'BITS Pilani', 'Electronics & Communication', 2011, 'AlumniLink Staff', '["Java", "Python", "Tailwind CSS", "Node.js"]', '2024-06-09 14:35:33'),
    (2, 'Arjun Patel', 'arjun.patel12@alumnilink.edu.in', 'admin', 'NIT Trichy', 'Mechanical Engineering', 2018, 'AlumniLink Staff', '["React", "Node.js", "Java"]', '2023-06-30 17:06:48'),
    (3, 'Aditya Iyer', 'aditya.iyer78@alumnilink.edu.in', 'admin', 'SRM Institute of Science and Technology', 'Electrical Engineering', 2018, 'AlumniLink Staff', '["Tailwind CSS", "Express", "Data Engineering", "SQL"]', '2023-11-22 20:24:58'),
    (4, 'Vikram Singh', 'vikram.singh76@gmail.com', 'alumni', 'IIT Madras', 'Computer Science', 2018, 'Paytm', '["Tailwind CSS", "System Design", "DSA", "C++"]', '2023-05-01 18:20:52'),
    (5, 'Siddharth Rao', 'siddharth.rao14@gmail.com', 'alumni', 'SRM Institute of Science and Technology', 'Mechanical Engineering', 2018, 'Flipkart', '["DSA", "Data Engineering", "MongoDB"]', '2023-07-25 11:01:34'),
    (6, 'Karthik Natarajan', 'karthik.natarajan59@gmail.com', 'alumni', 'NIT Trichy', 'Computer Science', 2015, 'Zoho', '["Node.js", "SQL", "C++", "Express", "MongoDB", "DSA"]', '2024-03-24 10:37:26'),
    (7, 'Rohan Gupta', 'rohan.gupta9@gmail.com', 'alumni', 'SRM Institute of Science and Technology', 'Information Technology', 2018, 'Zoho', '["Node.js", "Java", "Data Engineering", "System Design", "C++"]', '2023-12-19 04:10:50'),
    (8, 'Nitin Desai', 'nitin.desai48@gmail.com', 'alumni', 'IIT Madras', 'Information Technology', 2020, 'Wipro', '["Tailwind CSS", "Express", "Machine Learning", "Node.js", "MongoDB"]', '2024-05-08 04:51:11'),
    (9, 'Suresh Menon', 'suresh.menon94@gmail.com', 'alumni', 'VIT Vellore', 'Information Technology', 2017, 'Google India', '["System Design", "C++", "Express", "SQL", "Java", "DSA"]', '2024-10-16 15:53:54'),
    (10, 'Pranav Reddy', 'pranav.reddy5@gmail.com', 'alumni', 'IIT Madras', 'Mechanical Engineering', 2015, 'HCL', '["Node.js", "Java", "MongoDB", "DSA", "Machine Learning"]', '2024-05-24 02:15:44'),
    (11, 'Aman Verma', 'aman.verma83@gmail.com', 'alumni', 'Anna University', 'Information Technology', 2022, 'Zomato', '["Python", "Java", "Tailwind CSS", "SQL", "Express"]', '2023-07-24 01:51:30'),
    (12, 'Deepak Chaurasia', 'deepak.chaurasia52@gmail.com', 'alumni', 'IIT Madras', 'Information Technology', 2021, 'Microsoft India', '["SQL", "AWS", "Node.js", "React"]', '2024-10-30 20:07:18'),
    (13, 'Mohit Agarwal', 'mohit.agarwal81@gmail.com', 'alumni', 'VIT Vellore', 'Mechanical Engineering', 2016, 'Wipro', '["System Design", "Data Engineering", "MongoDB"]', '2023-12-30 13:04:56'),
    (14, 'Kunal Shah', 'kunal.shah71@gmail.com', 'alumni', 'SRM Institute of Science and Technology', 'Computer Science', 2023, 'Accenture India', '["Machine Learning", "Express", "DSA", "Node.js", "C++"]', '2023-12-04 16:36:42'),
    (15, 'Priya Verma', 'priya.verma1@gmail.com', 'alumni', 'BITS Pilani', 'Electronics & Communication', 2017, 'Paytm', '["SQL", "Node.js", "Express", "C++"]', '2024-10-15 17:51:13'),
    (16, 'Ananya Singh', 'ananya.singh26@gmail.com', 'alumni', 'VIT Vellore', 'Electronics & Communication', 2023, 'Microsoft India', '["SQL", "Machine Learning", "Data Engineering", "React"]', '2024-04-10 05:08:10'),
    (17, 'Sneha Joshi', 'sneha.joshi3@gmail.com', 'alumni', 'SRM Institute of Science and Technology', 'Electronics & Communication', 2020, 'Paytm', '["Java", "React", "Data Engineering", "MongoDB", "Node.js"]', '2023-03-08 12:41:45'),
    (18, 'Kavya Krishnan', 'kavya.krishnan98@gmail.com', 'alumni', 'NIT Trichy', 'Information Technology', 2022, 'Infosys', '["Express", "AWS", "SQL", "Python"]', '2023-07-25 21:00:49'),
    (19, 'Neha Kapoor', 'neha.kapoor78@alumnilink.edu.in', 'student', 'Anna University', 'Information Technology', 2027, NULL, '["Tailwind CSS", "C++", "System Design", "Express"]', '2024-05-19 18:36:18'),
    (20, 'Megha Nair', 'megha.nair57@alumnilink.edu.in', 'student', 'NIT Trichy', 'Mechanical Engineering', 2026, NULL, '["Java", "Data Engineering", "Node.js"]', '2023-09-20 14:22:18'),
    (21, 'Pooja Hegde', 'pooja.hegde76@alumnilink.edu.in', 'student', 'NIT Trichy', 'Information Technology', 2025, NULL, '["React", "Node.js", "Tailwind CSS", "Express"]', '2023-02-15 17:29:11'),
    (22, 'Shruti Hassan', 'shruti.hassan9@alumnilink.edu.in', 'student', 'SRM Institute of Science and Technology', 'Electronics & Communication', 2025, NULL, '["SQL", "Java", "C++"]', '2024-06-03 14:38:58'),
    (23, 'Divya Deshmukh', 'divya.deshmukh28@alumnilink.edu.in', 'student', 'NIT Trichy', 'Information Technology', 2026, NULL, '["Java", "Machine Learning", "AWS", "System Design", "Data Engineering", "Node.js"]', '2023-03-17 06:55:16'),
    (24, 'Anjali Tiwari', 'anjali.tiwari56@alumnilink.edu.in', 'student', 'IIT Madras', 'Mechanical Engineering', 2027, NULL, '["AWS", "Tailwind CSS", "React", "Express", "Node.js", "Machine Learning"]', '2023-11-09 17:24:16'),
    (25, 'Rhea Chakraborty', 'rhea.chakraborty44@alumnilink.edu.in', 'student', 'SRM Institute of Science and Technology', 'Information Technology', 2027, NULL, '["Java", "SQL", "AWS", "Python"]', '2023-11-24 16:26:37'),
    (26, 'Ritu Phogat', 'ritu.phogat36@alumnilink.edu.in', 'student', 'Anna University', 'Information Technology', 2025, NULL, '["AWS", "Machine Learning", "SQL"]', '2023-03-18 01:09:03'),
    (27, 'Swati Maliwal', 'swati.maliwal84@alumnilink.edu.in', 'student', 'NIT Trichy', 'Computer Science', 2025, NULL, '["Machine Learning", "Java", "Python"]', '2023-11-12 16:06:25'),
    (28, 'Simran Kaur', 'simran.kaur62@alumnilink.edu.in', 'student', 'VIT Vellore', 'Mechanical Engineering', 2026, NULL, '["Python", "System Design", "React"]', '2023-10-31 05:59:20'),
    (29, 'Nidhi Razdan', 'nidhi.razdan59@alumnilink.edu.in', 'student', 'IIT Madras', 'Mechanical Engineering', 2026, NULL, '["Python", "Java", "C++", "Machine Learning", "React", "SQL"]', '2023-02-17 08:19:53'),
    (30, 'Pankaj Kumar', 'pankaj.kumar41@alumnilink.edu.in', 'student', 'SRM Institute of Science and Technology', 'Computer Science', 2027, NULL, '["SQL", "Data Engineering", "Python", "React", "Machine Learning", "Node.js"]', '2024-10-23 06:10:31'),
    (31, 'Rahul Sharma', 'rahul.sharma9@alumnilink.edu.in', 'student', 'NIT Trichy', 'Computer Science', 2025, NULL, '["System Design", "Node.js", "MongoDB", "Java"]', '2024-03-25 15:50:00'),
    (32, 'Arjun Patel', 'arjun.patel6@alumnilink.edu.in', 'student', 'NIT Trichy', 'Computer Science', 2027, NULL, '["Express", "MongoDB", "Machine Learning", "SQL", "DSA", "C++"]', '2023-06-08 15:40:02'),
    (33, 'Aditya Iyer', 'aditya.iyer92@alumnilink.edu.in', 'student', 'IIT Madras', 'Information Technology', 2027, NULL, '["System Design", "Python", "Express", "Tailwind CSS", "C++"]', '2023-12-22 03:17:01');

-- Data for table `mentorship_requests`
INSERT INTO mentorship_requests (id, student_id, mentor_id, message, status, created_at) VALUES
    (1, 19, 18, 'Hello Kavya, I am looking for guidance in AWS and System Design.', 'pending', '2024-08-29 05:37:25'),
    (2, 19, 5, 'Hi Siddharth, I saw your profile and would love to get your resume review for SDE roles.', 'pending', '2024-07-15 11:11:13'),
    (3, 20, 18, 'Hi Kavya, I saw your profile and would love to get your resume review for SDE roles.', 'completed', '2024-05-23 12:14:31'),
    (4, 21, 11, 'Hello Aman, I am looking for guidance in Machine Learning and System Design.', 'completed', '2024-09-10 23:30:03'),
    (5, 22, 14, 'Hello! I am highly interested in joining Accenture India. Could we schedule a brief chat?', 'completed', '2024-12-30 15:27:42'),
    (6, 23, 5, 'Hi Siddharth, I saw your profile and would love to get your resume review for SDE roles.', 'pending', '2024-03-01 08:52:46'),
    (7, 23, 8, 'Hi Nitin, I saw your profile and would love to get your resume review for SDE roles.', 'approved', '2024-03-20 01:39:52'),
    (8, 24, 11, 'Good evening sir, could you share some tips on cracking the Zomato interview?', 'completed', '2024-02-05 20:17:02'),
    (9, 24, 17, 'Hello! I am highly interested in joining Paytm. Could we schedule a brief chat?', 'completed', '2024-05-09 12:58:20'),
    (10, 24, 14, 'Hello Kunal, I am looking for guidance in Tailwind CSS and System Design.', 'completed', '2024-06-20 14:12:19'),
    (11, 25, 10, 'Hello! I am highly interested in joining HCL. Could we schedule a brief chat?', 'pending', '2024-12-08 23:08:53'),
    (12, 25, 12, 'Hello Deepak, I am looking for guidance in DSA and System Design.', 'pending', '2024-08-14 05:22:57'),
    (13, 25, 6, 'Hi Karthik, I saw your profile and would love to get your resume review for SDE roles.', 'rejected', '2024-04-29 17:10:33'),
    (14, 26, 18, 'Hi Kavya sir, I am preparing for placements, can you guide me on Java?', 'completed', '2024-04-06 21:47:08'),
    (15, 27, 16, 'Hello! I am highly interested in joining Microsoft India. Could we schedule a brief chat?', 'rejected', '2024-03-01 00:32:29'),
    (16, 27, 17, 'Good evening sir, could you share some tips on cracking the Paytm interview?', 'approved', '2024-03-09 18:14:51'),
    (17, 28, 6, 'Hello! I am highly interested in joining Zoho. Could we schedule a brief chat?', 'completed', '2024-11-07 13:22:24'),
    (18, 29, 6, 'Good evening sir, could you share some tips on cracking the Zoho interview?', 'pending', '2024-01-16 00:56:22'),
    (19, 29, 7, 'Hi Rohan, I saw your profile and would love to get your resume review for SDE roles.', 'approved', '2024-05-15 19:03:09'),
    (20, 30, 7, 'Hi Rohan, I saw your profile and would love to get your resume review for SDE roles.', 'pending', '2024-06-03 17:58:19'),
    (21, 31, 17, 'Hello Sneha, I am looking for guidance in C++ and System Design.', 'pending', '2024-05-16 08:55:08'),
    (22, 31, 10, 'Hi Pranav, I saw your profile and would love to get your resume review for SDE roles.', 'completed', '2024-12-06 14:35:25'),
    (23, 32, 13, 'Good evening sir, could you share some tips on cracking the Wipro interview?', 'completed', '2024-08-19 16:26:49'),
    (24, 33, 15, 'Hi Priya sir, I am preparing for placements, can you guide me on System Design?', 'completed', '2024-07-17 14:48:30'),
    (25, 33, 10, 'Good evening sir, could you share some tips on cracking the HCL interview?', 'approved', '2024-10-02 06:21:27');

-- Data for table `messages`
INSERT INTO messages (id, sender_id, receiver_id, message, timestamp) VALUES
    (1, 20, 18, 'Sir, any specific tips for the technical interview?', '2024-05-21 10:53:24'),
    (2, 18, 20, 'Focus on optimizing your solutions. They usually ask you to start with brute force and then optimize to O(N).', '2024-05-21 11:37:24'),
    (3, 20, 18, 'Understood. Did they ask System Design for freshers?', '2024-05-21 12:37:24'),
    (4, 18, 20, 'Basic Object-Oriented Design and database schema questions. No complex distributed systems.', '2024-05-21 13:00:24'),
    (5, 21, 11, 'Hi Aman sir, thank you for accepting my request!', '2024-09-14 16:01:09'),
    (6, 11, 21, 'Hello Pooja, happy to help. What specific areas are you focusing on?', '2024-09-14 17:00:09'),
    (7, 21, 11, 'I am mostly focusing on DSA and React right now. Do you think Node.js is also required for Zomato?', '2024-09-14 17:21:09'),
    (8, 11, 21, 'Yes, having a good grasp of Node.js definitely gives you an edge. Focus on creating full-stack projects.', '2024-09-14 17:55:09'),
    (9, 21, 11, 'Got it! Should I practice Leetcode daily?', '2024-09-14 18:16:09'),
    (10, 11, 21, 'Absolutely. Try solving 2-3 medium questions every day. Consistency is key.', '2024-09-14 19:00:09'),
    (11, 22, 14, 'Sir, any specific tips for the technical interview?', '2024-05-06 17:00:42'),
    (12, 14, 22, 'Focus on optimizing your solutions. They usually ask you to start with brute force and then optimize to O(N).', '2024-05-06 17:20:42'),
    (13, 22, 14, 'Understood. Did they ask System Design for freshers?', '2024-05-06 17:57:42'),
    (14, 14, 22, 'Basic Object-Oriented Design and database schema questions. No complex distributed systems.', '2024-05-06 18:07:42'),
    (15, 23, 8, 'Sir, any specific tips for the technical interview?', '2024-06-12 07:35:37'),
    (16, 8, 23, 'Focus on optimizing your solutions. They usually ask you to start with brute force and then optimize to O(N).', '2024-06-12 08:24:37'),
    (17, 23, 8, 'Understood. Did they ask System Design for freshers?', '2024-06-12 09:23:37'),
    (18, 8, 23, 'Basic Object-Oriented Design and database schema questions. No complex distributed systems.', '2024-06-12 09:36:37'),
    (19, 24, 11, 'Hi Aman sir, thank you for accepting my request!', '2024-06-06 17:14:41'),
    (20, 11, 24, 'Hello Anjali, happy to help. What specific areas are you focusing on?', '2024-06-06 17:34:41'),
    (21, 24, 11, 'I am mostly focusing on DSA and React right now. Do you think Node.js is also required for Zomato?', '2024-06-06 17:49:41'),
    (22, 11, 24, 'Yes, having a good grasp of Node.js definitely gives you an edge. Focus on creating full-stack projects.', '2024-06-06 18:18:41'),
    (23, 24, 11, 'Got it! Should I practice Leetcode daily?', '2024-06-06 19:10:41'),
    (24, 11, 24, 'Absolutely. Try solving 2-3 medium questions every day. Consistency is key.', '2024-06-06 19:49:41'),
    (25, 24, 17, 'Sir, any specific tips for the technical interview?', '2024-06-29 14:30:14'),
    (26, 17, 24, 'Focus on optimizing your solutions. They usually ask you to start with brute force and then optimize to O(N).', '2024-06-29 15:15:14'),
    (27, 24, 17, 'Understood. Did they ask System Design for freshers?', '2024-06-29 15:30:14'),
    (28, 17, 24, 'Basic Object-Oriented Design and database schema questions. No complex distributed systems.', '2024-06-29 16:04:14'),
    (29, 24, 14, 'Hello sir, do you have any open referrals at Accenture India?', '2024-11-04 06:53:00'),
    (30, 14, 24, 'Hi! Yes, we are hiring for 2025 grads. Please send me your updated resume.', '2024-11-04 07:00:00'),
    (31, 24, 14, 'Sure, I will email it to you right away. What does the interview process look like?', '2024-11-04 07:20:00'),
    (32, 14, 24, 'It typically consists of 1 Online Assessment, 2 Technical Rounds (mainly DSA and System Design), and 1 HR round.', '2024-11-04 07:54:00'),
    (33, 26, 18, 'Hello sir, do you have any open referrals at Infosys?', '2024-02-06 07:10:54'),
    (34, 18, 26, 'Hi! Yes, we are hiring for 2025 grads. Please send me your updated resume.', '2024-02-06 07:31:54'),
    (35, 26, 18, 'Sure, I will email it to you right away. What does the interview process look like?', '2024-02-06 07:47:54'),
    (36, 18, 26, 'It typically consists of 1 Online Assessment, 2 Technical Rounds (mainly DSA and System Design), and 1 HR round.', '2024-02-06 08:40:54'),
    (37, 27, 17, 'Hi Sneha sir, thank you for accepting my request!', '2024-02-27 05:30:18'),
    (38, 17, 27, 'Hello Swati, happy to help. What specific areas are you focusing on?', '2024-02-27 05:47:18'),
    (39, 27, 17, 'I am mostly focusing on DSA and React right now. Do you think Node.js is also required for Paytm?', '2024-02-27 06:19:18'),
    (40, 17, 27, 'Yes, having a good grasp of Node.js definitely gives you an edge. Focus on creating full-stack projects.', '2024-02-27 07:00:18'),
    (41, 27, 17, 'Got it! Should I practice Leetcode daily?', '2024-02-27 07:56:18'),
    (42, 17, 27, 'Absolutely. Try solving 2-3 medium questions every day. Consistency is key.', '2024-02-27 08:47:18'),
    (43, 28, 6, 'Sir, any specific tips for the technical interview?', '2024-06-25 21:45:10'),
    (44, 6, 28, 'Focus on optimizing your solutions. They usually ask you to start with brute force and then optimize to O(N).', '2024-06-25 22:27:10'),
    (45, 28, 6, 'Understood. Did they ask System Design for freshers?', '2024-06-25 23:05:10'),
    (46, 6, 28, 'Basic Object-Oriented Design and database schema questions. No complex distributed systems.', '2024-06-25 23:19:10'),
    (47, 29, 7, 'Sir, any specific tips for the technical interview?', '2024-07-11 00:12:45'),
    (48, 7, 29, 'Focus on optimizing your solutions. They usually ask you to start with brute force and then optimize to O(N).', '2024-07-11 00:23:45'),
    (49, 29, 7, 'Understood. Did they ask System Design for freshers?', '2024-07-11 01:06:45'),
    (50, 7, 29, 'Basic Object-Oriented Design and database schema questions. No complex distributed systems.', '2024-07-11 01:52:45'),
    (51, 31, 10, 'Hi Pranav sir, thank you for accepting my request!', '2024-12-12 17:02:33'),
    (52, 10, 31, 'Hello Rahul, happy to help. What specific areas are you focusing on?', '2024-12-12 17:31:33'),
    (53, 31, 10, 'I am mostly focusing on DSA and React right now. Do you think Node.js is also required for HCL?', '2024-12-12 17:47:33'),
    (54, 10, 31, 'Yes, having a good grasp of Node.js definitely gives you an edge. Focus on creating full-stack projects.', '2024-12-12 18:00:33'),
    (55, 31, 10, 'Got it! Should I practice Leetcode daily?', '2024-12-12 18:53:33'),
    (56, 10, 31, 'Absolutely. Try solving 2-3 medium questions every day. Consistency is key.', '2024-12-12 19:39:33'),
    (57, 32, 13, 'Hi Mohit sir, thank you for accepting my request!', '2024-06-29 10:32:07'),
    (58, 13, 32, 'Hello Arjun, happy to help. What specific areas are you focusing on?', '2024-06-29 10:49:07'),
    (59, 32, 13, 'I am mostly focusing on DSA and React right now. Do you think Node.js is also required for Wipro?', '2024-06-29 11:49:07'),
    (60, 13, 32, 'Yes, having a good grasp of Node.js definitely gives you an edge. Focus on creating full-stack projects.', '2024-06-29 12:45:07'),
    (61, 32, 13, 'Got it! Should I practice Leetcode daily?', '2024-06-29 12:54:07'),
    (62, 13, 32, 'Absolutely. Try solving 2-3 medium questions every day. Consistency is key.', '2024-06-29 13:25:07'),
    (63, 33, 15, 'Sir, any specific tips for the technical interview?', '2024-11-07 06:28:38'),
    (64, 15, 33, 'Focus on optimizing your solutions. They usually ask you to start with brute force and then optimize to O(N).', '2024-11-07 07:03:38'),
    (65, 33, 15, 'Understood. Did they ask System Design for freshers?', '2024-11-07 07:40:38'),
    (66, 15, 33, 'Basic Object-Oriented Design and database schema questions. No complex distributed systems.', '2024-11-07 08:20:38'),
    (67, 33, 10, 'Sir, any specific tips for the technical interview?', '2024-10-20 08:07:25'),
    (68, 10, 33, 'Focus on optimizing your solutions. They usually ask you to start with brute force and then optimize to O(N).', '2024-10-20 09:01:25'),
    (69, 33, 10, 'Understood. Did they ask System Design for freshers?', '2024-10-20 09:49:25'),
    (70, 10, 33, 'Basic Object-Oriented Design and database schema questions. No complex distributed systems.', '2024-10-20 10:48:25'),
    (71, 4, 12, 'Sir, any specific tips for the technical interview?', '2024-06-14 18:29:43'),
    (72, 12, 4, 'Focus on optimizing your solutions. They usually ask you to start with brute force and then optimize to O(N).', '2024-06-14 18:41:43'),
    (73, 4, 12, 'Understood. Did they ask System Design for freshers?', '2024-06-14 19:30:43'),
    (74, 12, 4, 'Basic Object-Oriented Design and database schema questions. No complex distributed systems.', '2024-06-14 20:27:43'),
    (75, 18, 16, 'Hi, I just saw the job posting for Frontend Developer. Would my skills in React be sufficient?', '2024-06-23 19:47:15'),
    (76, 16, 18, 'Hey! Yes, React is our primary stack. Make sure you are comfortable with hooks and state management like Redux.', '2024-06-23 20:04:15'),
    (77, 18, 16, 'Thank you! I have built a couple of projects using Redux Toolkit. I will apply today.', '2024-06-23 20:59:15'),
    (78, 16, 18, 'Great. Let me know once you''ve applied, I can track your application internally.', '2024-06-23 21:41:15'),
    (79, 12, 14, 'Sir, any specific tips for the technical interview?', '2024-10-24 10:36:03'),
    (80, 14, 12, 'Focus on optimizing your solutions. They usually ask you to start with brute force and then optimize to O(N).', '2024-10-24 10:53:03'),
    (81, 12, 14, 'Understood. Did they ask System Design for freshers?', '2024-10-24 11:12:03'),
    (82, 14, 12, 'Basic Object-Oriented Design and database schema questions. No complex distributed systems.', '2024-10-24 11:42:03'),
    (83, 15, 14, 'Hi, I just saw the job posting for Frontend Developer. Would my skills in React be sufficient?', '2024-10-04 03:00:12'),
    (84, 14, 15, 'Hey! Yes, React is our primary stack. Make sure you are comfortable with hooks and state management like Redux.', '2024-10-04 03:19:12'),
    (85, 15, 14, 'Thank you! I have built a couple of projects using Redux Toolkit. I will apply today.', '2024-10-04 03:42:12'),
    (86, 14, 15, 'Great. Let me know once you''ve applied, I can track your application internally.', '2024-10-04 04:04:12'),
    (87, 33, 12, 'Can you review my project on Node.js?', '2024-02-23 17:44:23'),
    (88, 21, 7, 'Can you review my project on System Design?', '2024-09-26 12:04:51'),
    (89, 21, 15, 'Can you review my project on Java?', '2024-01-25 22:39:22'),
    (90, 25, 10, 'Can you review my project on DSA?', '2024-07-29 17:30:08'),
    (91, 26, 10, 'Can you review my project on React?', '2024-03-21 07:50:10'),
    (92, 32, 10, 'Can you review my project on System Design?', '2024-12-17 09:42:21'),
    (93, 31, 13, 'Can you review my project on Tailwind CSS?', '2024-01-08 14:03:03'),
    (94, 32, 18, 'Can you review my project on Machine Learning?', '2024-08-11 13:49:22'),
    (95, 25, 11, 'Can you review my project on React?', '2024-05-16 14:37:46'),
    (96, 23, 16, 'Can you review my project on System Design?', '2024-11-27 10:42:41'),
    (97, 33, 17, 'Can you review my project on System Design?', '2024-07-28 00:34:45'),
    (98, 30, 15, 'Can you review my project on SQL?', '2024-11-06 15:18:42'),
    (99, 28, 18, 'Can you review my project on Java?', '2024-07-08 14:37:42'),
    (100, 22, 8, 'Can you review my project on System Design?', '2024-07-07 14:30:41'),
    (101, 19, 10, 'Can you review my project on DSA?', '2024-09-16 18:21:14'),
    (102, 29, 16, 'Can you review my project on System Design?', '2024-10-08 05:51:34'),
    (103, 21, 17, 'Can you review my project on AWS?', '2024-12-23 02:44:56'),
    (104, 21, 13, 'Can you review my project on SQL?', '2024-01-11 11:20:43'),
    (105, 33, 10, 'Can you review my project on MongoDB?', '2024-08-07 04:30:52'),
    (106, 29, 4, 'Can you review my project on Node.js?', '2024-09-06 14:51:39'),
    (107, 25, 6, 'Can you review my project on Data Engineering?', '2024-06-28 07:20:29'),
    (108, 21, 4, 'Can you review my project on C++?', '2024-05-27 05:30:14'),
    (109, 24, 7, 'Can you review my project on AWS?', '2024-05-06 22:25:25'),
    (110, 24, 16, 'Can you review my project on System Design?', '2024-04-18 01:32:22');

-- Data for table `job_postings`
INSERT INTO job_postings (id, title, company, location, salary_range, description, posted_by, created_at) VALUES
    (1, 'DevOps Engineer', 'Microsoft India', 'Delhi', '8-12 LPA', 'We are looking for a passionate DevOps Engineer to join our team at Microsoft India in Delhi. You will be working on scalable systems and high-impact projects. Preferred skills include AWS and React.', 16, '2024-10-17 21:24:43'),
    (2, 'Software Development Engineer I', 'Microsoft India', 'Pune', '12-18 LPA', 'We are looking for a passionate Software Development Engineer I to join our team at Microsoft India in Pune. You will be working on scalable systems and high-impact projects. Preferred skills include Express and Node.js.', 12, '2024-10-30 09:37:11'),
    (3, 'Software Development Engineer I', 'Accenture India', 'Chennai', '12-18 LPA', 'We are looking for a passionate Software Development Engineer I to join our team at Accenture India in Chennai. You will be working on scalable systems and high-impact projects. Preferred skills include Java and Data Engineering.', 14, '2024-01-08 21:57:19'),
    (4, 'Backend Engineer', 'Wipro', 'Mumbai', '12-18 LPA', 'We are looking for a passionate Backend Engineer to join our team at Wipro in Mumbai. You will be working on scalable systems and high-impact projects. Preferred skills include AWS and Express.', 13, '2024-02-14 10:11:12'),
    (5, 'Data Analyst', 'Wipro', 'Noida', 'Not Disclosed', 'We are looking for a passionate Data Analyst to join our team at Wipro in Noida. You will be working on scalable systems and high-impact projects. Preferred skills include C++ and Machine Learning.', 13, '2024-05-23 06:21:08'),
    (6, 'UI/UX Designer', 'Zoho', 'Bangalore', '12-18 LPA', 'We are looking for a passionate UI/UX Designer to join our team at Zoho in Bangalore. You will be working on scalable systems and high-impact projects. Preferred skills include C++ and Node.js.', 6, '2024-08-12 17:43:57'),
    (7, 'Product Manager', 'Paytm', 'Gurgaon', '20-30 LPA', 'We are looking for a passionate Product Manager to join our team at Paytm in Gurgaon. You will be working on scalable systems and high-impact projects. Preferred skills include Tailwind CSS and Java.', 4, '2024-01-30 12:20:18'),
    (8, 'Data Analyst', 'Wipro', 'Bangalore', 'Not Disclosed', 'We are looking for a passionate Data Analyst to join our team at Wipro in Bangalore. You will be working on scalable systems and high-impact projects. Preferred skills include Machine Learning and C++.', 13, '2024-11-26 05:18:26'),
    (9, 'UI/UX Designer', 'Accenture India', 'Bangalore', '6-10 LPA', 'We are looking for a passionate UI/UX Designer to join our team at Accenture India in Bangalore. You will be working on scalable systems and high-impact projects. Preferred skills include Machine Learning and React.', 14, '2024-05-14 20:10:25'),
    (10, 'DevOps Engineer', 'Microsoft India', 'Pune', '8-12 LPA', 'We are looking for a passionate DevOps Engineer to join our team at Microsoft India in Pune. You will be working on scalable systems and high-impact projects. Preferred skills include SQL and Express.', 12, '2024-05-12 12:30:18'),
    (11, 'DevOps Engineer', 'Paytm', 'Noida', '8-12 LPA', 'We are looking for a passionate DevOps Engineer to join our team at Paytm in Noida. You will be working on scalable systems and high-impact projects. Preferred skills include System Design and DSA.', 4, '2024-09-03 20:04:57'),
    (12, 'Full Stack Developer', 'Infosys', 'Hyderabad', '20-30 LPA', 'We are looking for a passionate Full Stack Developer to join our team at Infosys in Hyderabad. You will be working on scalable systems and high-impact projects. Preferred skills include Python and Tailwind CSS.', 18, '2024-07-21 15:01:55'),
    (13, 'Product Manager', 'Accenture India', 'Noida', '20-30 LPA', 'We are looking for a passionate Product Manager to join our team at Accenture India in Noida. You will be working on scalable systems and high-impact projects. Preferred skills include System Design and Data Engineering.', 14, '2024-10-10 21:39:29'),
    (14, 'Product Manager', 'Wipro', 'Pune', '12-18 LPA', 'We are looking for a passionate Product Manager to join our team at Wipro in Pune. You will be working on scalable systems and high-impact projects. Preferred skills include Data Engineering and Node.js.', 13, '2024-04-18 07:47:58'),
    (15, 'Full Stack Developer', 'Infosys', 'Mumbai', '20-30 LPA', 'We are looking for a passionate Full Stack Developer to join our team at Infosys in Mumbai. You will be working on scalable systems and high-impact projects. Preferred skills include MongoDB and MongoDB.', 18, '2024-09-16 11:58:04'),
    (16, 'Machine Learning Engineer', 'HCL', 'Chennai', '20-30 LPA', 'We are looking for a passionate Machine Learning Engineer to join our team at HCL in Chennai. You will be working on scalable systems and high-impact projects. Preferred skills include Data Engineering and DSA.', 10, '2024-03-11 14:52:13'),
    (17, 'Data Analyst', 'Zomato', 'Pune', '15-25 LPA', 'We are looking for a passionate Data Analyst to join our team at Zomato in Pune. You will be working on scalable systems and high-impact projects. Preferred skills include DSA and C++.', 11, '2024-12-07 21:10:36'),
    (18, 'Product Manager', 'Wipro', 'Chennai', '6-10 LPA', 'We are looking for a passionate Product Manager to join our team at Wipro in Chennai. You will be working on scalable systems and high-impact projects. Preferred skills include Java and Node.js.', 13, '2024-04-03 17:36:05');

-- Data for table `events`
INSERT INTO events (id, title, description, date, organizer_id, location, created_at) VALUES
    (1, 'System Design Masterclass by Accenture India', 'Join us for an exciting session on System Design Masterclass by Accenture India. Connect with industry experts, network with peers, and learn about the latest trends.', '2025-08-11 21:12:48', 14, 'Noida', '2025-07-25 21:12:48'),
    (2, 'Resume Building Workshop', 'Join us for an exciting session on Resume Building Workshop. Connect with industry experts, network with peers, and learn about the latest trends.', '2025-09-07 21:20:24', 16, 'Noida', '2025-08-28 21:20:24'),
    (3, 'Web3 and Blockchain Workshop', 'Join us for an exciting session on Web3 and Blockchain Workshop. Connect with industry experts, network with peers, and learn about the latest trends.', '2024-11-10 02:35:00', 3, 'Delhi', '2024-10-24 02:35:00'),
    (4, 'Resume Building Workshop', 'Join us for an exciting session on Resume Building Workshop. Connect with industry experts, network with peers, and learn about the latest trends.', '2025-03-05 21:29:01', 10, 'Pune', '2025-02-07 21:29:01'),
    (5, 'System Design Masterclass by Microsoft India', 'Join us for an exciting session on System Design Masterclass by Microsoft India. Connect with industry experts, network with peers, and learn about the latest trends.', '2024-09-13 22:23:48', 12, 'Gurgaon', '2024-08-23 22:23:48'),
    (6, 'Cracking the Coding Interview with Paytm Engineers', 'Join us for an exciting session on Cracking the Coding Interview with Paytm Engineers. Connect with industry experts, network with peers, and learn about the latest trends.', '2024-07-14 06:30:15', 15, 'Delhi', '2024-06-27 06:30:15'),
    (7, 'Startup Founders Panel', 'Join us for an exciting session on Startup Founders Panel. Connect with industry experts, network with peers, and learn about the latest trends.', '2024-04-02 20:39:42', 4, 'Mumbai', '2024-03-06 20:39:42'),
    (8, 'Web3 and Blockchain Workshop', 'Join us for an exciting session on Web3 and Blockchain Workshop. Connect with industry experts, network with peers, and learn about the latest trends.', '2025-07-27 16:35:19', 6, 'Mumbai', '2025-07-02 16:35:19'),
    (9, 'Tech Talk: AI & Future in India', 'Join us for an exciting session on Tech Talk: AI & Future in India. Connect with industry experts, network with peers, and learn about the latest trends.', '2025-10-08 17:19:03', 9, 'Delhi', '2025-09-22 17:19:03'),
    (10, 'Startup Founders Panel', 'Join us for an exciting session on Startup Founders Panel. Connect with industry experts, network with peers, and learn about the latest trends.', '2024-05-19 09:01:58', 10, 'Mumbai', '2024-04-30 09:01:58'),
    (11, 'Cracking the Coding Interview with AlumniLink Staff Engineers', 'Join us for an exciting session on Cracking the Coding Interview with AlumniLink Staff Engineers. Connect with industry experts, network with peers, and learn about the latest trends.', '2024-02-05 08:28:26', 1, 'Hyderabad', '2024-01-25 08:28:26'),
    (12, 'Career Guidance Seminar 2024', 'Join us for an exciting session on Career Guidance Seminar 2024. Connect with industry experts, network with peers, and learn about the latest trends.', '2025-05-10 10:45:07', 18, 'Delhi', '2025-04-15 10:45:07'),
    (13, 'Networking Mixer in Chennai', 'Join us for an exciting session on Networking Mixer in Chennai. Connect with industry experts, network with peers, and learn about the latest trends.', '2024-08-08 20:28:09', 4, 'Chennai', '2024-07-14 20:28:09'),
    (14, 'Startup Founders Panel', 'Join us for an exciting session on Startup Founders Panel. Connect with industry experts, network with peers, and learn about the latest trends.', '2024-05-23 04:47:16', 16, 'Noida', '2024-05-12 04:47:16');

-- Data for table `event_registrations`
INSERT INTO event_registrations (id, user_id, event_id, registered_at) VALUES
    (1, 31, 1, '2025-07-30 21:12:48'),
    (2, 8, 1, '2025-07-28 21:12:48'),
    (3, 27, 1, '2025-07-26 21:12:48'),
    (4, 3, 1, '2025-07-27 21:12:48'),
    (5, 13, 1, '2025-07-26 21:12:48'),
    (6, 16, 1, '2025-07-30 21:12:48'),
    (7, 30, 1, '2025-07-29 21:12:48'),
    (8, 19, 1, '2025-07-30 21:12:48'),
    (9, 21, 1, '2025-07-30 21:12:48'),
    (10, 22, 1, '2025-07-30 21:12:48'),
    (11, 2, 1, '2025-07-27 21:12:48'),
    (12, 5, 1, '2025-07-30 21:12:48'),
    (13, 24, 1, '2025-07-29 21:12:48'),
    (14, 29, 2, '2025-09-02 21:20:24'),
    (15, 20, 2, '2025-08-29 21:20:24'),
    (16, 28, 2, '2025-08-30 21:20:24'),
    (17, 19, 2, '2025-08-29 21:20:24'),
    (18, 14, 2, '2025-09-01 21:20:24'),
    (19, 10, 2, '2025-09-01 21:20:24'),
    (20, 30, 2, '2025-09-02 21:20:24'),
    (21, 32, 2, '2025-09-01 21:20:24'),
    (22, 2, 2, '2025-08-31 21:20:24'),
    (23, 26, 2, '2025-08-29 21:20:24'),
    (24, 4, 2, '2025-08-30 21:20:24'),
    (25, 7, 2, '2025-08-31 21:20:24'),
    (26, 21, 2, '2025-08-31 21:20:24'),
    (27, 22, 2, '2025-09-01 21:20:24'),
    (28, 9, 2, '2025-08-29 21:20:24'),
    (29, 3, 2, '2025-08-30 21:20:24'),
    (30, 6, 2, '2025-08-31 21:20:24'),
    (31, 8, 2, '2025-09-02 21:20:24'),
    (32, 18, 2, '2025-08-30 21:20:24'),
    (33, 8, 3, '2024-10-28 02:35:00'),
    (34, 15, 3, '2024-10-27 02:35:00'),
    (35, 21, 3, '2024-10-29 02:35:00'),
    (36, 5, 3, '2024-10-29 02:35:00'),
    (37, 9, 3, '2024-10-28 02:35:00'),
    (38, 27, 3, '2024-10-28 02:35:00'),
    (39, 30, 3, '2024-10-25 02:35:00'),
    (40, 3, 3, '2024-10-29 02:35:00'),
    (41, 2, 3, '2024-10-25 02:35:00'),
    (42, 6, 3, '2024-10-28 02:35:00'),
    (43, 10, 3, '2024-10-27 02:35:00'),
    (44, 20, 3, '2024-10-29 02:35:00'),
    (45, 19, 3, '2024-10-27 02:35:00'),
    (46, 23, 3, '2024-10-25 02:35:00'),
    (47, 32, 3, '2024-10-25 02:35:00'),
    (48, 4, 3, '2024-10-26 02:35:00'),
    (49, 31, 3, '2024-10-29 02:35:00'),
    (50, 22, 3, '2024-10-29 02:35:00'),
    (51, 18, 4, '2025-02-10 21:29:01'),
    (52, 3, 4, '2025-02-09 21:29:01'),
    (53, 12, 4, '2025-02-12 21:29:01'),
    (54, 31, 4, '2025-02-11 21:29:01'),
    (55, 29, 4, '2025-02-11 21:29:01'),
    (56, 31, 5, '2024-08-25 22:23:48'),
    (57, 23, 5, '2024-08-26 22:23:48'),
    (58, 14, 5, '2024-08-27 22:23:48'),
    (59, 11, 5, '2024-08-27 22:23:48'),
    (60, 30, 5, '2024-08-26 22:23:48'),
    (61, 22, 5, '2024-08-27 22:23:48'),
    (62, 4, 5, '2024-08-28 22:23:48'),
    (63, 30, 6, '2024-07-01 06:30:15'),
    (64, 6, 6, '2024-07-02 06:30:15'),
    (65, 11, 6, '2024-06-28 06:30:15'),
    (66, 9, 6, '2024-07-02 06:30:15'),
    (67, 31, 6, '2024-07-01 06:30:15'),
    (68, 4, 6, '2024-07-01 06:30:15'),
    (69, 13, 7, '2024-03-10 20:39:42'),
    (70, 24, 7, '2024-03-07 20:39:42'),
    (71, 20, 7, '2024-03-08 20:39:42'),
    (72, 25, 7, '2024-03-09 20:39:42'),
    (73, 16, 7, '2024-03-11 20:39:42'),
    (74, 21, 7, '2024-03-08 20:39:42'),
    (75, 29, 8, '2025-07-06 16:35:19'),
    (76, 32, 8, '2025-07-03 16:35:19'),
    (77, 4, 8, '2025-07-04 16:35:19'),
    (78, 1, 8, '2025-07-03 16:35:19'),
    (79, 21, 8, '2025-07-06 16:35:19'),
    (80, 20, 8, '2025-07-03 16:35:19'),
    (81, 26, 8, '2025-07-04 16:35:19'),
    (82, 8, 8, '2025-07-06 16:35:19'),
    (83, 23, 8, '2025-07-05 16:35:19'),
    (84, 6, 8, '2025-07-07 16:35:19'),
    (85, 10, 8, '2025-07-05 16:35:19'),
    (86, 18, 8, '2025-07-06 16:35:19'),
    (87, 30, 8, '2025-07-06 16:35:19'),
    (88, 22, 8, '2025-07-06 16:35:19'),
    (89, 30, 9, '2025-09-27 17:19:03'),
    (90, 10, 9, '2025-09-25 17:19:03'),
    (91, 13, 9, '2025-09-23 17:19:03'),
    (92, 7, 9, '2025-09-25 17:19:03'),
    (93, 20, 9, '2025-09-25 17:19:03'),
    (94, 17, 9, '2025-09-27 17:19:03'),
    (95, 24, 9, '2025-09-27 17:19:03'),
    (96, 5, 9, '2025-09-26 17:19:03'),
    (97, 3, 9, '2025-09-24 17:19:03'),
    (98, 9, 9, '2025-09-26 17:19:03'),
    (99, 14, 9, '2025-09-27 17:19:03'),
    (100, 11, 9, '2025-09-26 17:19:03'),
    (101, 22, 10, '2024-05-04 09:01:58'),
    (102, 25, 10, '2024-05-04 09:01:58'),
    (103, 15, 10, '2024-05-02 09:01:58'),
    (104, 30, 10, '2024-05-04 09:01:58'),
    (105, 11, 10, '2024-05-01 09:01:58'),
    (106, 28, 10, '2024-05-02 09:01:58'),
    (107, 7, 10, '2024-05-05 09:01:58'),
    (108, 23, 10, '2024-05-05 09:01:58'),
    (109, 8, 10, '2024-05-03 09:01:58'),
    (110, 19, 10, '2024-05-01 09:01:58'),
    (111, 13, 10, '2024-05-04 09:01:58'),
    (112, 32, 10, '2024-05-01 09:01:58'),
    (113, 14, 10, '2024-05-05 09:01:58'),
    (114, 2, 10, '2024-05-04 09:01:58'),
    (115, 29, 10, '2024-05-01 09:01:58'),
    (116, 16, 10, '2024-05-02 09:01:58'),
    (117, 10, 11, '2024-01-27 08:28:26'),
    (118, 5, 11, '2024-01-28 08:28:26'),
    (119, 16, 11, '2024-01-27 08:28:26'),
    (120, 26, 11, '2024-01-26 08:28:26'),
    (121, 9, 11, '2024-01-29 08:28:26'),
    (122, 11, 11, '2024-01-26 08:28:26'),
    (123, 20, 11, '2024-01-26 08:28:26'),
    (124, 23, 11, '2024-01-29 08:28:26'),
    (125, 13, 11, '2024-01-27 08:28:26'),
    (126, 21, 11, '2024-01-28 08:28:26'),
    (127, 3, 11, '2024-01-26 08:28:26'),
    (128, 28, 11, '2024-01-26 08:28:26'),
    (129, 18, 11, '2024-01-28 08:28:26'),
    (130, 25, 11, '2024-01-26 08:28:26'),
    (131, 22, 11, '2024-01-28 08:28:26'),
    (132, 31, 11, '2024-01-28 08:28:26'),
    (133, 2, 11, '2024-01-28 08:28:26'),
    (134, 30, 11, '2024-01-29 08:28:26'),
    (135, 16, 12, '2025-04-20 10:45:07'),
    (136, 27, 12, '2025-04-19 10:45:07'),
    (137, 19, 12, '2025-04-20 10:45:07'),
    (138, 22, 12, '2025-04-17 10:45:07'),
    (139, 26, 12, '2025-04-19 10:45:07'),
    (140, 6, 12, '2025-04-20 10:45:07'),
    (141, 28, 12, '2025-04-17 10:45:07'),
    (142, 32, 12, '2025-04-17 10:45:07'),
    (143, 3, 12, '2025-04-19 10:45:07'),
    (144, 30, 13, '2024-07-17 20:28:09'),
    (145, 17, 13, '2024-07-19 20:28:09'),
    (146, 22, 13, '2024-07-17 20:28:09'),
    (147, 1, 13, '2024-07-18 20:28:09'),
    (148, 29, 13, '2024-07-17 20:28:09'),
    (149, 26, 13, '2024-07-18 20:28:09'),
    (150, 15, 13, '2024-07-17 20:28:09'),
    (151, 10, 13, '2024-07-16 20:28:09'),
    (152, 31, 13, '2024-07-18 20:28:09'),
    (153, 18, 13, '2024-07-18 20:28:09'),
    (154, 6, 13, '2024-07-15 20:28:09'),
    (155, 3, 13, '2024-07-16 20:28:09'),
    (156, 27, 13, '2024-07-18 20:28:09'),
    (157, 19, 14, '2024-05-14 04:47:16'),
    (158, 33, 14, '2024-05-14 04:47:16'),
    (159, 1, 14, '2024-05-17 04:47:16'),
    (160, 27, 14, '2024-05-15 04:47:16'),
    (161, 22, 14, '2024-05-14 04:47:16'),
    (162, 13, 14, '2024-05-13 04:47:16'),
    (163, 9, 14, '2024-05-13 04:47:16'),
    (164, 31, 14, '2024-05-15 04:47:16'),
    (165, 32, 14, '2024-05-16 04:47:16'),
    (166, 29, 14, '2024-05-13 04:47:16'),
    (167, 2, 14, '2024-05-17 04:47:16'),
    (168, 20, 14, '2024-05-15 04:47:16'),
    (169, 16, 14, '2024-05-14 04:47:16'),
    (170, 10, 14, '2024-05-13 04:47:16'),
    (171, 8, 14, '2024-05-15 04:47:16'),
    (172, 12, 14, '2024-05-15 04:47:16');

-- Data for table `notifications`
INSERT INTO notifications (id, user_id, message, is_read, created_at) VALUES
    (1, 23, 'Your mentorship request with Mentor #8 was approved!', FALSE, '2024-03-21 01:39:52'),
    (2, 27, 'Your mentorship request with Mentor #17 was approved!', TRUE, '2024-03-10 18:14:51'),
    (3, 29, 'Your mentorship request with Mentor #7 was approved!', TRUE, '2024-05-16 19:03:09'),
    (4, 33, 'Your mentorship request with Mentor #10 was approved!', TRUE, '2024-10-03 06:21:27'),
    (5, 31, 'New job posted at Microsoft India: DevOps Engineer', FALSE, '2024-10-17 23:24:43'),
    (6, 27, 'New job posted at Microsoft India: DevOps Engineer', TRUE, '2024-10-17 23:24:43'),
    (7, 24, 'New job posted at Microsoft India: DevOps Engineer', FALSE, '2024-10-17 23:24:43'),
    (8, 33, 'New job posted at Microsoft India: Software Development Engineer I', FALSE, '2024-10-30 11:37:11'),
    (9, 32, 'New job posted at Microsoft India: Software Development Engineer I', FALSE, '2024-10-30 11:37:11'),
    (10, 26, 'New job posted at Microsoft India: Software Development Engineer I', TRUE, '2024-10-30 11:37:11'),
    (11, 26, 'New job posted at Accenture India: Software Development Engineer I', TRUE, '2024-01-08 23:57:19'),
    (12, 20, 'New job posted at Accenture India: Software Development Engineer I', FALSE, '2024-01-08 23:57:19'),
    (13, 21, 'New job posted at Accenture India: Software Development Engineer I', FALSE, '2024-01-08 23:57:19'),
    (14, 20, 'New job posted at Wipro: Backend Engineer', TRUE, '2024-02-14 12:11:12'),
    (15, 31, 'New job posted at Wipro: Backend Engineer', FALSE, '2024-02-14 12:11:12'),
    (16, 25, 'New job posted at Wipro: Backend Engineer', TRUE, '2024-02-14 12:11:12'),
    (17, 26, 'New job posted at Wipro: Data Analyst', FALSE, '2024-05-23 08:21:08'),
    (18, 24, 'New job posted at Wipro: Data Analyst', FALSE, '2024-05-23 08:21:08'),
    (19, 29, 'New job posted at Wipro: Data Analyst', FALSE, '2024-05-23 08:21:08'),
    (20, 20, 'New job posted at Zoho: UI/UX Designer', FALSE, '2024-08-12 19:43:57'),
    (21, 29, 'New job posted at Zoho: UI/UX Designer', TRUE, '2024-08-12 19:43:57'),
    (22, 22, 'New job posted at Zoho: UI/UX Designer', FALSE, '2024-08-12 19:43:57'),
    (23, 33, 'New job posted at Paytm: Product Manager', TRUE, '2024-01-30 14:20:18'),
    (24, 28, 'New job posted at Paytm: Product Manager', FALSE, '2024-01-30 14:20:18'),
    (25, 22, 'New job posted at Paytm: Product Manager', FALSE, '2024-01-30 14:20:18'),
    (26, 29, 'New job posted at Wipro: Data Analyst', TRUE, '2024-11-26 07:18:26'),
    (27, 25, 'New job posted at Wipro: Data Analyst', TRUE, '2024-11-26 07:18:26'),
    (28, 20, 'New job posted at Wipro: Data Analyst', TRUE, '2024-11-26 07:18:26'),
    (29, 23, 'New job posted at Accenture India: UI/UX Designer', TRUE, '2024-05-14 22:10:25'),
    (30, 26, 'New job posted at Accenture India: UI/UX Designer', TRUE, '2024-05-14 22:10:25'),
    (31, 20, 'New job posted at Accenture India: UI/UX Designer', TRUE, '2024-05-14 22:10:25'),
    (32, 25, 'New job posted at Microsoft India: DevOps Engineer', FALSE, '2024-05-12 14:30:18'),
    (33, 26, 'New job posted at Microsoft India: DevOps Engineer', TRUE, '2024-05-12 14:30:18'),
    (34, 24, 'New job posted at Microsoft India: DevOps Engineer', FALSE, '2024-05-12 14:30:18'),
    (35, 29, 'New job posted at Paytm: DevOps Engineer', FALSE, '2024-09-03 22:04:57'),
    (36, 20, 'New job posted at Paytm: DevOps Engineer', FALSE, '2024-09-03 22:04:57'),
    (37, 26, 'New job posted at Paytm: DevOps Engineer', TRUE, '2024-09-03 22:04:57'),
    (38, 30, 'New job posted at Infosys: Full Stack Developer', FALSE, '2024-07-21 17:01:55'),
    (39, 24, 'New job posted at Infosys: Full Stack Developer', FALSE, '2024-07-21 17:01:55'),
    (40, 22, 'New job posted at Infosys: Full Stack Developer', TRUE, '2024-07-21 17:01:55'),
    (41, 32, 'New job posted at Accenture India: Product Manager', FALSE, '2024-10-10 23:39:29'),
    (42, 24, 'New job posted at Accenture India: Product Manager', FALSE, '2024-10-10 23:39:29'),
    (43, 20, 'New job posted at Accenture India: Product Manager', TRUE, '2024-10-10 23:39:29'),
    (44, 25, 'New job posted at Wipro: Product Manager', TRUE, '2024-04-18 09:47:58'),
    (45, 23, 'New job posted at Wipro: Product Manager', FALSE, '2024-04-18 09:47:58'),
    (46, 22, 'New job posted at Wipro: Product Manager', TRUE, '2024-04-18 09:47:58'),
    (47, 29, 'New job posted at Infosys: Full Stack Developer', TRUE, '2024-09-16 13:58:04'),
    (48, 22, 'New job posted at Infosys: Full Stack Developer', TRUE, '2024-09-16 13:58:04'),
    (49, 33, 'New job posted at Infosys: Full Stack Developer', FALSE, '2024-09-16 13:58:04'),
    (50, 22, 'New job posted at HCL: Machine Learning Engineer', TRUE, '2024-03-11 16:52:13'),
    (51, 21, 'New job posted at HCL: Machine Learning Engineer', TRUE, '2024-03-11 16:52:13'),
    (52, 31, 'New job posted at HCL: Machine Learning Engineer', TRUE, '2024-03-11 16:52:13'),
    (53, 28, 'New job posted at Zomato: Data Analyst', FALSE, '2024-12-07 23:10:36'),
    (54, 22, 'New job posted at Zomato: Data Analyst', TRUE, '2024-12-07 23:10:36'),
    (55, 32, 'New job posted at Zomato: Data Analyst', TRUE, '2024-12-07 23:10:36'),
    (56, 23, 'New job posted at Wipro: Product Manager', TRUE, '2024-04-03 19:36:05'),
    (57, 32, 'New job posted at Wipro: Product Manager', FALSE, '2024-04-03 19:36:05'),
    (58, 21, 'New job posted at Wipro: Product Manager', TRUE, '2024-04-03 19:36:05');

-- Data for table `user_sessions`
INSERT INTO user_sessions (id, user_id, device, login_time) VALUES
    (1, 1, 'iPad Pro - Safari', '2024-12-02 11:52:46'),
    (2, 1, 'MacBook Pro - Chrome', '2024-02-21 04:29:42'),
    (3, 2, 'iPhone 13 - Safari', '2024-11-02 19:11:26'),
    (4, 2, 'Windows 11 - Edge', '2024-08-16 16:30:25'),
    (5, 3, 'MacBook Pro - Chrome', '2024-03-08 16:05:32'),
    (6, 3, 'iPhone 13 - Safari', '2024-01-21 08:23:39'),
    (7, 3, 'Windows 11 - Edge', '2024-10-15 01:18:48'),
    (8, 3, 'Android - Chrome', '2024-07-23 07:28:21'),
    (9, 4, 'iPad Pro - Safari', '2024-01-25 16:24:13'),
    (10, 4, 'Android - Chrome', '2024-06-23 02:13:40'),
    (11, 5, 'Linux - Firefox', '2024-08-18 13:22:06'),
    (12, 5, 'MacBook Pro - Chrome', '2024-06-24 12:59:45'),
    (13, 5, 'Linux - Firefox', '2024-03-27 00:59:36'),
    (14, 5, 'Linux - Firefox', '2024-01-17 20:11:29'),
    (15, 6, 'Android - Chrome', '2024-09-06 20:22:11'),
    (16, 6, 'MacBook Pro - Chrome', '2024-01-24 14:56:01'),
    (17, 6, 'Android - Chrome', '2024-11-25 01:23:41'),
    (18, 6, 'Android - Chrome', '2024-06-14 13:09:29'),
    (19, 7, 'Android - Chrome', '2024-10-03 16:03:41'),
    (20, 7, 'Android - Chrome', '2024-01-29 12:58:59'),
    (21, 8, 'iPhone 13 - Safari', '2024-08-24 05:44:34'),
    (22, 8, 'Windows 11 - Edge', '2024-01-26 12:12:10'),
    (23, 9, 'iPhone 13 - Safari', '2024-08-30 11:03:38'),
    (24, 9, 'iPad Pro - Safari', '2024-08-15 07:59:39'),
    (25, 9, 'Linux - Firefox', '2024-10-03 13:44:42'),
    (26, 10, 'Android - Chrome', '2024-08-20 00:05:44'),
    (27, 10, 'Linux - Firefox', '2024-04-24 12:38:46'),
    (28, 10, 'Android - Chrome', '2024-07-15 08:04:39'),
    (29, 10, 'Linux - Firefox', '2024-06-16 01:44:54'),
    (30, 11, 'iPad Pro - Safari', '2024-02-14 10:24:59'),
    (31, 11, 'iPad Pro - Safari', '2024-09-09 18:58:58'),
    (32, 12, 'Android - Chrome', '2024-06-24 08:47:48'),
    (33, 12, 'Windows 11 - Edge', '2024-06-09 17:01:19'),
    (34, 12, 'iPhone 13 - Safari', '2024-11-17 08:06:22'),
    (35, 13, 'Android - Chrome', '2024-06-10 13:18:16'),
    (36, 13, 'iPad Pro - Safari', '2024-02-06 22:15:51'),
    (37, 13, 'iPhone 13 - Safari', '2024-06-14 17:43:43'),
    (38, 13, 'iPhone 13 - Safari', '2024-09-15 07:15:16'),
    (39, 13, 'iPhone 13 - Safari', '2024-05-25 08:44:18'),
    (40, 14, 'iPad Pro - Safari', '2024-12-24 10:50:38'),
    (41, 14, 'Android - Chrome', '2024-01-27 01:43:40'),
    (42, 14, 'MacBook Pro - Chrome', '2024-11-19 00:40:33'),
    (43, 15, 'MacBook Pro - Chrome', '2024-06-16 17:22:51'),
    (44, 15, 'MacBook Pro - Chrome', '2024-10-16 04:04:19'),
    (45, 16, 'Windows 11 - Edge', '2024-08-04 01:45:04'),
    (46, 16, 'MacBook Pro - Chrome', '2024-08-15 18:15:02'),
    (47, 16, 'Linux - Firefox', '2024-08-06 03:16:06'),
    (48, 16, 'iPhone 13 - Safari', '2024-09-17 04:58:34'),
    (49, 17, 'Android - Chrome', '2024-05-17 07:46:22'),
    (50, 17, 'iPad Pro - Safari', '2024-10-18 09:09:21'),
    (51, 18, 'iPad Pro - Safari', '2024-01-20 23:30:43'),
    (52, 18, 'iPhone 13 - Safari', '2024-08-21 04:13:39'),
    (53, 18, 'iPhone 13 - Safari', '2024-05-16 13:34:48'),
    (54, 18, 'MacBook Pro - Chrome', '2024-08-12 10:35:27'),
    (55, 18, 'Linux - Firefox', '2024-03-23 14:52:09'),
    (56, 19, 'iPad Pro - Safari', '2024-07-06 06:19:51'),
    (57, 19, 'Windows 11 - Edge', '2024-11-25 01:10:26'),
    (58, 19, 'MacBook Pro - Chrome', '2024-05-15 23:17:56'),
    (59, 20, 'MacBook Pro - Chrome', '2024-10-23 03:59:58'),
    (60, 20, 'iPhone 13 - Safari', '2024-08-10 22:59:59'),
    (61, 20, 'Windows 11 - Edge', '2024-11-09 11:50:54'),
    (62, 20, 'Android - Chrome', '2024-11-24 05:25:01'),
    (63, 21, 'Linux - Firefox', '2024-12-26 19:41:35'),
    (64, 21, 'iPad Pro - Safari', '2024-11-18 03:08:05'),
    (65, 22, 'MacBook Pro - Chrome', '2024-03-11 01:35:58'),
    (66, 22, 'iPhone 13 - Safari', '2024-09-29 21:37:38'),
    (67, 22, 'iPhone 13 - Safari', '2024-12-23 21:21:08'),
    (68, 22, 'iPhone 13 - Safari', '2024-05-16 07:46:31'),
    (69, 23, 'Windows 11 - Edge', '2024-12-03 19:42:29'),
    (70, 23, 'Windows 11 - Edge', '2024-08-07 22:29:42'),
    (71, 24, 'MacBook Pro - Chrome', '2024-02-25 02:22:03'),
    (72, 24, 'iPad Pro - Safari', '2024-09-02 21:35:27'),
    (73, 24, 'MacBook Pro - Chrome', '2024-02-05 15:14:36'),
    (74, 24, 'iPad Pro - Safari', '2024-07-25 00:27:25'),
    (75, 24, 'Windows 11 - Edge', '2024-05-26 02:23:09'),
    (76, 25, 'Android - Chrome', '2024-05-12 09:22:51'),
    (77, 25, 'Windows 11 - Edge', '2024-05-23 17:08:41'),
    (78, 25, 'iPhone 13 - Safari', '2024-10-07 05:45:42'),
    (79, 25, 'iPhone 13 - Safari', '2024-10-28 16:37:57'),
    (80, 25, 'Linux - Firefox', '2024-08-19 13:12:30'),
    (81, 26, 'MacBook Pro - Chrome', '2024-03-01 10:06:35'),
    (82, 26, 'Windows 11 - Edge', '2024-10-19 23:51:07'),
    (83, 27, 'iPad Pro - Safari', '2024-02-01 16:23:41'),
    (84, 27, 'iPhone 13 - Safari', '2024-06-21 02:06:44'),
    (85, 28, 'Android - Chrome', '2024-08-23 18:21:30'),
    (86, 28, 'Android - Chrome', '2024-06-09 20:28:20'),
    (87, 28, 'iPhone 13 - Safari', '2024-03-24 17:14:54'),
    (88, 28, 'Linux - Firefox', '2024-02-14 04:51:21'),
    (89, 28, 'iPhone 13 - Safari', '2024-06-15 23:05:07'),
    (90, 29, 'iPhone 13 - Safari', '2024-09-20 09:26:56'),
    (91, 29, 'iPad Pro - Safari', '2024-08-18 08:24:42'),
    (92, 30, 'Linux - Firefox', '2024-09-16 02:07:34'),
    (93, 30, 'iPhone 13 - Safari', '2024-01-18 15:19:13'),
    (94, 30, 'Windows 11 - Edge', '2024-06-02 12:07:18'),
    (95, 30, 'Linux - Firefox', '2024-01-22 06:36:17'),
    (96, 30, 'MacBook Pro - Chrome', '2024-03-20 09:21:41'),
    (97, 31, 'Windows 11 - Edge', '2024-10-25 00:12:57'),
    (98, 31, 'Windows 11 - Edge', '2024-10-23 18:29:44'),
    (99, 31, 'iPhone 13 - Safari', '2024-04-22 09:50:34'),
    (100, 31, 'iPhone 13 - Safari', '2024-02-16 14:20:06'),
    (101, 32, 'Android - Chrome', '2024-10-17 02:40:34'),
    (102, 32, 'Android - Chrome', '2024-03-09 05:35:39'),
    (103, 33, 'Android - Chrome', '2024-07-25 20:01:38'),
    (104, 33, 'iPad Pro - Safari', '2024-03-30 08:47:14'),
    (105, 33, 'Linux - Firefox', '2024-08-04 23:40:51');

